Year,Community_Area,Primary_Type,Crime_Count
2001,1,THEFT,321
2002,1,HOMICIDE,8
2003,1,HOMICIDE,6
2004,1,THEFT,6
2004,1,HOMICIDE,6
2005,1,HOMICIDE,6
2006,1,THEFT,16
2007,1,THEFT,12
2008,1,HOMICIDE,5
2009,1,THEFT,11
2010,1,THEFT,7
2011,1,THEFT,7
2012,1,THEFT,7
2013,1,THEFT,7
2014,1,HOMICIDE,8
2015,1,THEFT,12
2016,1,THEFT,10
2017,1,THEFT,4
2017,1,HOMICIDE,4
2018,1,THEFT,7
2019,1,THEFT,8
2020,1,THEFT,7
2021,1,THEFT,4
2022,1,THEFT,12
2023,1,THEFT,443
2024,1,THEFT,590
2001,2,THEFT,42
2002,2,THEFT,1
2002,2,BATTERY,1
2003,2,ASSAULT,2
2003,2,BATTERY,2
2004,2,THEFT,3
2005,2,BATTERY,5
2006,2,THEFT,6
2007,2,HOMICIDE,8
2008,2,THEFT,3
2009,2,ASSAULT,3
2010,2,ROBBERY,1
2010,2,BATTERY,1
2010,2,HOMICIDE,1
2011,2,BATTERY,4
2012,2,HOMICIDE,6
2013,2,BATTERY,2
2013,2,ASSAULT,2
2014,2,HOMICIDE,3
2015,2,HOMICIDE,4
2016,2,HOMICIDE,7
2017,2,ASSAULT,3
2018,2,BATTERY,7
2019,2,HOMICIDE,3
2020,2,HOMICIDE,6
2021,2,BATTERY,4
2022,2,"DECEPTIVE PRACTICE",20
2023,2,THEFT,289
2024,2,THEFT,316
2001,3,THEFT,433
2002,3,HOMICIDE,5
2003,3,HOMICIDE,9
2004,3,HOMICIDE,2
2005,3,BATTERY,1
2005,3,THEFT,1
2005,3,HOMICIDE,1
2006,3,HOMICIDE,3
2007,3,HOMICIDE,5
2008,3,HOMICIDE,3
2009,3,HOMICIDE,1
2009,3,BATTERY,1
2009,3,THEFT,1
2010,3,HOMICIDE,4
2011,3,HOMICIDE,5
2012,3,HOMICIDE,5
2013,3,ASSAULT,2
2014,3,HOMICIDE,5
2015,3,HOMICIDE,13
2016,3,HOMICIDE,8
2017,3,HOMICIDE,5
2018,3,HOMICIDE,2
2020,3,HOMICIDE,6
2021,3,"CRIMINAL SEXUAL ASSAULT",2
2021,3,HOMICIDE,2
2022,3,THEFT,18
2023,3,THEFT,476
2024,3,THEFT,502
2001,4,"CRIMINAL DAMAGE",28
2002,4,HOMICIDE,1
2002,4,ASSAULT,1
2003,4,BATTERY,1
2003,4,THEFT,1
2003,4,HOMICIDE,1
2004,4,THEFT,1
2005,4,HOMICIDE,3
2006,4,THEFT,1
2007,4,ASSAULT,1
2007,4,HOMICIDE,1
2008,4,HOMICIDE,1
2011,4,HOMICIDE,1
2011,4,THEFT,1
2013,4,HOMICIDE,2
2014,4,BATTERY,1
2015,4,HOMICIDE,1
2016,4,HOMICIDE,1
2017,4,HOMICIDE,1
2017,4,"CRIMINAL SEXUAL ASSAULT",1
2018,4,HOMICIDE,2
2020,4,HOMICIDE,1
2021,4,HOMICIDE,2
2022,4,THEFT,7
2023,4,THEFT,234
2024,4,THEFT,214
2001,5,THEFT,72
2002,5,HOMICIDE,6
2003,5,THEFT,1
2003,5,BATTERY,1
2003,5,HOMICIDE,1
2004,5,HOMICIDE,1
2004,5,THEFT,1
2005,5,BATTERY,1
2005,5,HOMICIDE,1
2006,5,THEFT,3
2007,5,THEFT,1
2008,5,THEFT,3
2009,5,ASSAULT,1
2009,5,THEFT,1
2009,5,HOMICIDE,1
2010,5,THEFT,1
2011,5,THEFT,1
2012,5,THEFT,1
2013,5,ASSAULT,1
2013,5,THEFT,1
2013,5,HOMICIDE,1
2014,5,THEFT,1
2016,5,THEFT,1
2016,5,"SEX OFFENSE",1
2017,5,THEFT,1
2018,5,THEFT,1
2019,5,THEFT,1
2019,5,HOMICIDE,1
2020,5,HOMICIDE,2
2021,5,"CRIMINAL SEXUAL ASSAULT",2
2021,5,HOMICIDE,2
2022,5,"DECEPTIVE PRACTICE",5
2023,5,THEFT,157
2024,5,THEFT,140
2001,6,THEFT,761
2002,6,THEFT,6
2003,6,THEFT,9
2004,6,THEFT,6
2005,6,THEFT,7
2006,6,THEFT,7
2007,6,THEFT,13
2008,6,THEFT,11
2009,6,THEFT,15
2010,6,THEFT,11
2011,6,BATTERY,9
2012,6,THEFT,7
2013,6,THEFT,9
2014,6,THEFT,7
2015,6,THEFT,8
2016,6,THEFT,7
2017,6,THEFT,7
2018,6,BATTERY,5
2019,6,BATTERY,5
2021,6,THEFT,3
2022,6,THEFT,34
2023,6,THEFT,944
2024,6,THEFT,934
2001,7,THEFT,478
2002,7,HOMICIDE,2
2002,7,THEFT,2
2002,7,BATTERY,2
2003,7,THEFT,7
2004,7,THEFT,1
2004,7,HOMICIDE,1
2005,7,THEFT,3
2006,7,THEFT,3
2007,7,HOMICIDE,1
2008,7,THEFT,3
2009,7,THEFT,4
2010,7,THEFT,3
2011,7,THEFT,3
2012,7,THEFT,1
2013,7,THEFT,3
2014,7,ASSAULT,2
2015,7,"MOTOR VEHICLE THEFT",1
2016,7,THEFT,2
2017,7,ROBBERY,1
2017,7,THEFT,1
2017,7,HOMICIDE,1
2018,7,THEFT,3
2019,7,THEFT,3
2019,7,HOMICIDE,3
2020,7,HOMICIDE,1
2021,7,"CRIMINAL TRESPASS",1
2021,7,BATTERY,1
2022,7,THEFT,17
2023,7,THEFT,594
2024,7,THEFT,750
2001,8,THEFT,2042
2002,8,HOMICIDE,8
2003,8,HOMICIDE,10
2004,8,HOMICIDE,6
2005,8,HOMICIDE,13
2006,8,BATTERY,5
2006,8,HOMICIDE,5
2007,8,BATTERY,8
2008,8,HOMICIDE,5
2009,8,THEFT,7
2010,8,THEFT,4
2011,8,THEFT,4
2012,8,HOMICIDE,6
2013,8,THEFT,6
2014,8,HOMICIDE,5
2015,8,THEFT,3
2015,8,BATTERY,3
2016,8,BATTERY,6
2017,8,THEFT,7
2018,8,HOMICIDE,6
2019,8,THEFT,5
2020,8,HOMICIDE,9
2021,8,HOMICIDE,8
2022,8,THEFT,36
2023,8,THEFT,1490
2024,8,THEFT,1636
2001,9,"OTHER OFFENSE",2
2002,9,HOMICIDE,1
2002,9,BATTERY,1
2003,9,THEFT,1
2005,9,"OTHER OFFENSE",2
2006,9,THEFT,1
2009,9,"CRIMINAL DAMAGE",1
2012,9,"CRIMINAL DAMAGE",1
2013,9,BATTERY,1
2015,9,BATTERY,1
2016,9,THEFT,1
2019,9,THEFT,1
2019,9,HOMICIDE,1
2021,9,BATTERY,1
2022,9,"DECEPTIVE PRACTICE",3
2023,9,THEFT,23
2024,9,THEFT,33
2001,10,"CRIMINAL DAMAGE",9
2002,10,ASSAULT,1
2002,10,HOMICIDE,1
2003,10,THEFT,2
2003,10,ASSAULT,2
2004,10,ASSAULT,1
2004,10,THEFT,1
2005,10,THEFT,2
2006,10,THEFT,1
2006,10,BATTERY,1
2007,10,THEFT,6
2008,10,THEFT,5
2009,10,THEFT,2
2010,10,THEFT,1
2011,10,THEFT,1
2012,10,ASSAULT,1
2012,10,HOMICIDE,1
2013,10,BATTERY,1
2013,10,THEFT,1
2014,10,HOMICIDE,1
2015,10,BATTERY,1
2015,10,BURGLARY,1
2016,10,THEFT,1
2016,10,BATTERY,1
2016,10,HOMICIDE,1
2017,10,HOMICIDE,1
2017,10,BURGLARY,1
2018,10,THEFT,1
2019,10,ASSAULT,1
2020,10,HOMICIDE,1
2022,10,"DECEPTIVE PRACTICE",7
2023,10,THEFT,117
2024,10,THEFT,156
2001,11,THEFT,17
2002,11,HOMICIDE,1
2003,11,HOMICIDE,1
2004,11,HOMICIDE,2
2005,11,ASSAULT,1
2006,11,BATTERY,1
2006,11,HOMICIDE,1
2007,11,HOMICIDE,1
2008,11,HOMICIDE,1
2008,11,BURGLARY,1
2010,11,BATTERY,1
2011,11,HOMICIDE,2
2013,11,HOMICIDE,1
2014,11,HOMICIDE,1
2014,11,BURGLARY,1
2015,11,BATTERY,1
2015,11,HOMICIDE,1
2016,11,HOMICIDE,1
2017,11,HOMICIDE,1
2017,11,"MOTOR VEHICLE THEFT",1
2018,11,HOMICIDE,1
2021,11,THEFT,1
2021,11,"DECEPTIVE PRACTICE",1
2022,11,"DECEPTIVE PRACTICE",3
2023,11,THEFT,114
2024,11,THEFT,99
2001,12,"MOTOR VEHICLE THEFT",5
2002,12,HOMICIDE,1
2005,12,HOMICIDE,1
2005,12,BURGLARY,1
2008,12,ASSAULT,1
2009,12,HOMICIDE,1
2010,12,HOMICIDE,1
2010,12,BATTERY,1
2012,12,"MOTOR VEHICLE THEFT",1
2018,12,"DECEPTIVE PRACTICE",1
2021,12,THEFT,1
2022,12,"DECEPTIVE PRACTICE",4
2023,12,THEFT,63
2024,12,THEFT,53
2001,13,THEFT,17
2002,13,HOMICIDE,2
2003,13,THEFT,1
2004,13,HOMICIDE,1
2005,13,THEFT,2
2006,13,THEFT,1
2007,13,THEFT,1
2007,13,ROBBERY,1
2008,13,THEFT,1
2009,13,HOMICIDE,2
2010,13,HOMICIDE,1
2011,13,HOMICIDE,1
2011,13,ASSAULT,1
2012,13,BATTERY,1
2015,13,THEFT,1
2016,13,BATTERY,1
2016,13,THEFT,1
2016,13,HOMICIDE,1
2017,13,THEFT,3
2018,13,BATTERY,1
2018,13,THEFT,1
2018,13,HOMICIDE,1
2020,13,HOMICIDE,1
2020,13,"CRIMINAL DAMAGE",1
2021,13,HOMICIDE,2
2022,13,"DECEPTIVE PRACTICE",4
2023,13,THEFT,91
2024,13,THEFT,107
2001,14,BATTERY,56
2002,14,HOMICIDE,4
2003,14,HOMICIDE,5
2004,14,HOMICIDE,4
2005,14,HOMICIDE,4
2006,14,BATTERY,1
2007,14,HOMICIDE,3
2008,14,HOMICIDE,3
2009,14,HOMICIDE,8
2010,14,HOMICIDE,1
2011,14,HOMICIDE,2
2012,14,HOMICIDE,5
2013,14,HOMICIDE,4
2014,14,HOMICIDE,2
2015,14,HOMICIDE,5
2016,14,HOMICIDE,3
2017,14,"OFFENSE INVOLVING CHILDREN",2
2018,14,HOMICIDE,4
2019,14,HOMICIDE,1
2019,14,"CRIMINAL SEXUAL ASSAULT",1
2019,14,THEFT,1
2020,14,HOMICIDE,7
2021,14,HOMICIDE,2
2022,14,"DECEPTIVE PRACTICE",11
2023,14,THEFT,219
2024,14,THEFT,246
2001,15,THEFT,239
2002,15,HOMICIDE,3
2003,15,THEFT,1
2004,15,HOMICIDE,1
2005,15,THEFT,2
2006,15,HOMICIDE,2
2007,15,HOMICIDE,2
2008,15,THEFT,1
2008,15,HOMICIDE,1
2010,15,HOMICIDE,2
2011,15,HOMICIDE,2
2012,15,HOMICIDE,4
2013,15,HOMICIDE,3
2014,15,HOMICIDE,2
2015,15,HOMICIDE,2
2016,15,HOMICIDE,1
2016,15,ROBBERY,1
2017,15,HOMICIDE,1
2017,15,"OFFENSE INVOLVING CHILDREN",1
2018,15,HOMICIDE,1
2018,15,ROBBERY,1
2019,15,HOMICIDE,3
2020,15,HOMICIDE,6
2021,15,HOMICIDE,3
2022,15,"DECEPTIVE PRACTICE",10
2023,15,THEFT,308
2024,15,THEFT,318
2001,16,THEFT,106
2002,16,HOMICIDE,4
2003,16,HOMICIDE,6
2004,16,HOMICIDE,4
2005,16,BURGLARY,2
2006,16,HOMICIDE,2
2007,16,THEFT,2
2007,16,HOMICIDE,2
2008,16,HOMICIDE,2
2009,16,HOMICIDE,2
2010,16,THEFT,2
2010,16,HOMICIDE,2
2011,16,HOMICIDE,3
2012,16,HOMICIDE,2
2012,16,BATTERY,2
2013,16,HOMICIDE,2
2014,16,HOMICIDE,1
2015,16,HOMICIDE,7
2016,16,HOMICIDE,5
2017,16,HOMICIDE,2
2018,16,"CRIMINAL SEXUAL ASSAULT",1
2018,16,"SEX OFFENSE",1
2019,16,HOMICIDE,3
2020,16,HOMICIDE,2
2021,16,HOMICIDE,2
2022,16,"DECEPTIVE PRACTICE",6
2023,16,THEFT,240
2024,16,THEFT,238
2001,17,THEFT,68
2002,17,ASSAULT,1
2003,17,THEFT,2
2004,17,ASSAULT,2
2005,17,"OTHER OFFENSE",2
2005,17,BATTERY,2
2006,17,"CRIMINAL DAMAGE",1
2007,17,BATTERY,2
2007,17,THEFT,2
2008,17,BATTERY,2
2009,17,NARCOTICS,1
2009,17,ASSAULT,1
2009,17,BURGLARY,1
2009,17,HOMICIDE,1
2010,17,HOMICIDE,3
2012,17,THEFT,1
2012,17,HOMICIDE,1
2012,17,"OFFENSE INVOLVING CHILDREN",1
2013,17,BATTERY,1
2013,17,BURGLARY,1
2013,17,HOMICIDE,1
2014,17,HOMICIDE,3
2015,17,"OTHER OFFENSE",1
2015,17,BURGLARY,1
2015,17,THEFT,1
2016,17,BATTERY,2
2017,17,BATTERY,2
2019,17,HOMICIDE,6
2020,17,HOMICIDE,3
2021,17,HOMICIDE,3
2022,17,"DECEPTIVE PRACTICE",18
2023,17,THEFT,148
2024,17,THEFT,125
2001,18,"MOTOR VEHICLE THEFT",5
2001,18,THEFT,5
2003,18,THEFT,4
2004,18,ASSAULT,1
2004,18,BATTERY,1
2005,18,BATTERY,3
2006,18,BURGLARY,1
2006,18,HOMICIDE,1
2007,18,ASSAULT,1
2007,18,"OTHER OFFENSE",1
2007,18,BATTERY,1
2008,18,THEFT,3
2009,18,HOMICIDE,2
2010,18,HOMICIDE,1
2011,18,"MOTOR VEHICLE THEFT",1
2012,18,BATTERY,2
2013,18,THEFT,1
2014,18,ASSAULT,1
2015,18,HOMICIDE,1
2017,18,HOMICIDE,1
2017,18,ROBBERY,1
2018,18,BATTERY,2
2018,18,HOMICIDE,2
2020,18,HOMICIDE,1
2020,18,BATTERY,1
2021,18,THEFT,2
2022,18,THEFT,3
2023,18,THEFT,51
2024,18,THEFT,53
2001,19,"MOTOR VEHICLE THEFT",74
2002,19,HOMICIDE,7
2003,19,HOMICIDE,8
2004,19,HOMICIDE,7
2005,19,HOMICIDE,11
2006,19,HOMICIDE,5
2007,19,HOMICIDE,4
2008,19,HOMICIDE,5
2009,19,HOMICIDE,1
2010,19,HOMICIDE,6
2011,19,HOMICIDE,2
2012,19,HOMICIDE,8
2013,19,HOMICIDE,5
2014,19,HOMICIDE,5
2015,19,HOMICIDE,9
2016,19,HOMICIDE,7
2017,19,HOMICIDE,8
2018,19,HOMICIDE,10
2019,19,HOMICIDE,5
2020,19,HOMICIDE,2
2021,19,HOMICIDE,13
2022,19,"DECEPTIVE PRACTICE",17
2023,19,THEFT,339
2024,19,THEFT,417
2001,20,BATTERY,33
2002,20,HOMICIDE,2
2003,20,HOMICIDE,1
2004,20,HOMICIDE,1
2005,20,HOMICIDE,3
2006,20,HOMICIDE,3
2007,20,HOMICIDE,3
2008,20,HOMICIDE,5
2009,20,HOMICIDE,3
2010,20,HOMICIDE,2
2011,20,HOMICIDE,2
2012,20,HOMICIDE,1
2013,20,HOMICIDE,2
2014,20,HOMICIDE,3
2015,20,"OFFENSE INVOLVING CHILDREN",1
2016,20,HOMICIDE,6
2017,20,HOMICIDE,3
2018,20,HOMICIDE,2
2019,20,THEFT,1
2020,20,HOMICIDE,2
2021,20,HOMICIDE,3
2022,20,"DECEPTIVE PRACTICE",6
2023,20,BATTERY,99
2023,20,THEFT,99
2024,20,BATTERY,120
2001,21,THEFT,96
2002,21,HOMICIDE,7
2003,21,HOMICIDE,7
2004,21,HOMICIDE,6
2005,21,HOMICIDE,4
2006,21,HOMICIDE,8
2007,21,HOMICIDE,1
2008,21,HOMICIDE,4
2009,21,HOMICIDE,1
2010,21,HOMICIDE,1
2011,21,HOMICIDE,3
2012,21,HOMICIDE,2
2013,21,HOMICIDE,4
2015,21,HOMICIDE,2
2016,21,HOMICIDE,3
2017,21,HOMICIDE,2
2018,21,HOMICIDE,6
2019,21,HOMICIDE,2
2020,21,HOMICIDE,4
2021,21,HOMICIDE,3
2022,21,"MOTOR VEHICLE THEFT",3
2022,21,"OTHER OFFENSE",3
2022,21,"DECEPTIVE PRACTICE",3
2023,21,THEFT,278
2024,21,THEFT,378
2001,22,THEFT,202
2002,22,HOMICIDE,13
2003,22,HOMICIDE,18
2004,22,HOMICIDE,9
2005,22,HOMICIDE,10
2006,22,HOMICIDE,8
2007,22,HOMICIDE,5
2008,22,HOMICIDE,7
2009,22,HOMICIDE,6
2010,22,HOMICIDE,2
2011,22,HOMICIDE,2
2011,22,"CRIMINAL SEXUAL ASSAULT",2
2012,22,HOMICIDE,2
2013,22,HOMICIDE,4
2014,22,HOMICIDE,7
2015,22,HOMICIDE,8
2016,22,HOMICIDE,4
2017,22,HOMICIDE,5
2018,22,HOMICIDE,4
2019,22,HOMICIDE,4
2020,22,HOMICIDE,5
2021,22,HOMICIDE,7
2022,22,"DECEPTIVE PRACTICE",13
2023,22,THEFT,669
2024,22,THEFT,755
2001,23,NARCOTICS,356
2002,23,HOMICIDE,34
2003,23,HOMICIDE,19
2004,23,HOMICIDE,14
2005,23,HOMICIDE,13
2006,23,HOMICIDE,24
2007,23,HOMICIDE,20
2008,23,HOMICIDE,27
2009,23,HOMICIDE,23
2010,23,HOMICIDE,27
2011,23,HOMICIDE,21
2012,23,HOMICIDE,18
2013,23,HOMICIDE,16
2014,23,HOMICIDE,26
2015,23,HOMICIDE,18
2016,23,HOMICIDE,29
2017,23,HOMICIDE,29
2018,23,HOMICIDE,21
2019,23,HOMICIDE,28
2020,23,HOMICIDE,43
2021,23,HOMICIDE,34
2022,23,HOMICIDE,23
2023,23,BATTERY,414
2024,23,BATTERY,508
2001,24,THEFT,532
2002,24,HOMICIDE,6
2003,24,HOMICIDE,17
2004,24,HOMICIDE,12
2005,24,HOMICIDE,4
2006,24,HOMICIDE,7
2007,24,HOMICIDE,8
2008,24,HOMICIDE,9
2009,24,HOMICIDE,12
2010,24,THEFT,4
2011,24,HOMICIDE,3
2012,24,HOMICIDE,6
2013,24,HOMICIDE,8
2014,24,HOMICIDE,5
2015,24,HOMICIDE,5
2016,24,HOMICIDE,10
2017,24,HOMICIDE,6
2018,24,HOMICIDE,9
2019,24,HOMICIDE,5
2020,24,HOMICIDE,12
2021,24,HOMICIDE,10
2022,24,THEFT,29
2023,24,THEFT,902
2024,24,THEFT,971
2001,25,NARCOTICS,1258
2002,25,HOMICIDE,50
2003,25,HOMICIDE,44
2004,25,HOMICIDE,32
2005,25,HOMICIDE,35
2006,25,HOMICIDE,32
2007,25,HOMICIDE,36
2008,25,HOMICIDE,41
2009,25,HOMICIDE,41
2010,25,HOMICIDE,23
2011,25,HOMICIDE,30
2012,25,HOMICIDE,37
2013,25,HOMICIDE,30
2014,25,HOMICIDE,37
2015,25,HOMICIDE,50
2016,25,HOMICIDE,88
2017,25,HOMICIDE,82
2018,25,HOMICIDE,56
2019,25,HOMICIDE,53
2020,25,HOMICIDE,83
2021,25,HOMICIDE,71
2022,25,HOMICIDE,49
2023,25,BATTERY,803
2024,25,BATTERY,1111
2001,26,NARCOTICS,436
2002,26,HOMICIDE,13
2003,26,HOMICIDE,14
2004,26,HOMICIDE,5
2005,26,HOMICIDE,13
2006,26,HOMICIDE,12
2007,26,HOMICIDE,13
2008,26,HOMICIDE,15
2009,26,HOMICIDE,12
2010,26,HOMICIDE,18
2011,26,HOMICIDE,15
2012,26,HOMICIDE,11
2013,26,HOMICIDE,15
2014,26,HOMICIDE,20
2015,26,HOMICIDE,15
2016,26,HOMICIDE,30
2017,26,HOMICIDE,15
2018,26,HOMICIDE,27
2019,26,HOMICIDE,23
2020,26,HOMICIDE,39
2021,26,HOMICIDE,38
2022,26,HOMICIDE,28
2023,26,BATTERY,278
2024,26,BATTERY,329
2001,27,NARCOTICS,638
2002,27,HOMICIDE,12
2003,27,HOMICIDE,16
2004,27,HOMICIDE,6
2005,27,HOMICIDE,7
2006,27,HOMICIDE,12
2007,27,HOMICIDE,7
2008,27,HOMICIDE,11
2009,27,HOMICIDE,16
2010,27,HOMICIDE,9
2011,27,HOMICIDE,11
2012,27,HOMICIDE,8
2013,27,HOMICIDE,11
2014,27,HOMICIDE,11
2015,27,HOMICIDE,17
2016,27,HOMICIDE,29
2017,27,HOMICIDE,21
2018,27,HOMICIDE,22
2019,27,HOMICIDE,17
2020,27,HOMICIDE,25
2021,27,HOMICIDE,31
2022,27,HOMICIDE,19
2023,27,BATTERY,314
2024,27,BATTERY,371
2001,28,THEFT,1187
2002,28,HOMICIDE,11
2003,28,HOMICIDE,18
2004,28,HOMICIDE,10
2005,28,HOMICIDE,8
2006,28,HOMICIDE,13
2007,28,HOMICIDE,8
2008,28,HOMICIDE,10
2009,28,HOMICIDE,10
2010,28,THEFT,6
2010,28,HOMICIDE,6
2011,28,HOMICIDE,10
2012,28,HOMICIDE,15
2013,28,HOMICIDE,7
2014,28,HOMICIDE,6
2015,28,HOMICIDE,11
2016,28,HOMICIDE,13
2017,28,HOMICIDE,15
2018,28,HOMICIDE,9
2019,28,HOMICIDE,8
2020,28,HOMICIDE,10
2021,28,HOMICIDE,21
2022,28,THEFT,34
2023,28,THEFT,1149
2024,28,THEFT,1295
2001,29,THEFT,356
2002,29,HOMICIDE,22
2003,29,HOMICIDE,29
2004,29,HOMICIDE,16
2005,29,HOMICIDE,25
2006,29,HOMICIDE,25
2007,29,HOMICIDE,9
2008,29,HOMICIDE,17
2009,29,HOMICIDE,22
2010,29,HOMICIDE,20
2011,29,HOMICIDE,16
2012,29,HOMICIDE,19
2013,29,HOMICIDE,16
2014,29,HOMICIDE,11
2015,29,HOMICIDE,23
2016,29,HOMICIDE,33
2017,29,HOMICIDE,42
2018,29,HOMICIDE,31
2019,29,HOMICIDE,24
2020,29,HOMICIDE,39
2021,29,HOMICIDE,45
2022,29,HOMICIDE,28
2023,29,BATTERY,478
2024,29,BATTERY,631
2001,30,BATTERY,99
2002,30,HOMICIDE,14
2003,30,HOMICIDE,23
2004,30,HOMICIDE,21
2005,30,HOMICIDE,12
2006,30,HOMICIDE,11
2007,30,HOMICIDE,19
2008,30,HOMICIDE,21
2009,30,HOMICIDE,12
2010,30,HOMICIDE,11
2011,30,HOMICIDE,15
2012,30,HOMICIDE,13
2013,30,HOMICIDE,10
2014,30,HOMICIDE,14
2015,30,HOMICIDE,13
2016,30,HOMICIDE,18
2017,30,HOMICIDE,7
2018,30,HOMICIDE,8
2019,30,HOMICIDE,14
2020,30,HOMICIDE,22
2021,30,HOMICIDE,20
2022,30,HOMICIDE,22
2023,30,BATTERY,328
2024,30,BATTERY,414
2001,31,THEFT,256
2002,31,HOMICIDE,10
2003,31,HOMICIDE,7
2004,31,HOMICIDE,9
2005,31,HOMICIDE,5
2006,31,HOMICIDE,5
2007,31,HOMICIDE,4
2008,31,HOMICIDE,5
2009,31,HOMICIDE,9
2010,31,HOMICIDE,4
2011,31,HOMICIDE,2
2012,31,HOMICIDE,7
2013,31,HOMICIDE,6
2014,31,ASSAULT,2
2014,31,HOMICIDE,2
2015,31,HOMICIDE,4
2016,31,HOMICIDE,11
2017,31,HOMICIDE,7
2018,31,BURGLARY,1
2018,31,ROBBERY,1
2018,31,THEFT,1
2018,31,HOMICIDE,1
2019,31,HOMICIDE,6
2020,31,HOMICIDE,10
2021,31,HOMICIDE,11
2022,31,"DECEPTIVE PRACTICE",9
2022,31,HOMICIDE,9
2023,31,THEFT,260
2024,31,THEFT,272
2001,32,THEFT,2179
2002,32,THEFT,3
2003,32,THEFT,5
2004,32,HOMICIDE,2
2005,32,THEFT,1
2005,32,BATTERY,1
2005,32,HOMICIDE,1
2006,32,THEFT,2
2007,32,ASSAULT,1
2007,32,THEFT,1
2008,32,THEFT,2
2008,32,HOMICIDE,2
2009,32,THEFT,2
2010,32,ASSAULT,1
2010,32,HOMICIDE,1
2011,32,BATTERY,1
2011,32,HOMICIDE,1
2012,32,THEFT,2
2013,32,ASSAULT,2
2014,32,BATTERY,1
2014,32,HOMICIDE,1
2014,32,"CRIMINAL SEXUAL ASSAULT",1
2015,32,BATTERY,1
2015,32,HOMICIDE,1
2016,32,HOMICIDE,2
2017,32,THEFT,1
2017,32,BATTERY,1
2017,32,ASSAULT,1
2018,32,HOMICIDE,4
2019,32,HOMICIDE,2
2019,32,THEFT,2
2020,32,HOMICIDE,4
2021,32,HOMICIDE,3
2021,32,ROBBERY,3
2022,32,THEFT,22
2023,32,THEFT,1189
2024,32,THEFT,1331
2001,33,THEFT,30
2002,33,HOMICIDE,4
2003,33,HOMICIDE,4
2004,33,HOMICIDE,2
2005,33,ASSAULT,1
2006,33,HOMICIDE,4
2007,33,HOMICIDE,3
2008,33,THEFT,1
2008,33,HOMICIDE,1
2009,33,HOMICIDE,3
2011,33,THEFT,1
2012,33,HOMICIDE,1
2013,33,HOMICIDE,1
2015,33,HOMICIDE,2
2016,33,HOMICIDE,4
2018,33,HOMICIDE,3
2019,33,HOMICIDE,1
2020,33,HOMICIDE,1
2021,33,HOMICIDE,2
2022,33,"DECEPTIVE PRACTICE",9
2023,33,THEFT,210
2024,33,THEFT,217
2001,34,BATTERY,20
2002,34,HOMICIDE,1
2003,34,HOMICIDE,2
2004,34,ASSAULT,1
2004,34,BATTERY,1
2004,34,HOMICIDE,1
2005,34,ASSAULT,1
2005,34,HOMICIDE,1
2006,34,HOMICIDE,1
2007,34,HOMICIDE,1
2007,34,ASSAULT,1
2007,34,THEFT,1
2008,34,THEFT,1
2009,34,THEFT,1
2009,34,HOMICIDE,1
2010,34,HOMICIDE,1
2011,34,ROBBERY,1
2011,34,BATTERY,1
2012,34,HOMICIDE,2
2014,34,HOMICIDE,1
2015,34,HOMICIDE,1
2015,34,ROBBERY,1
2016,34,HOMICIDE,2
2017,34,"CRIMINAL SEXUAL ASSAULT",1
2018,34,"MOTOR VEHICLE THEFT",1
2018,34,THEFT,1
2019,34,HOMICIDE,2
2020,34,HOMICIDE,5
2021,34,HOMICIDE,5
2022,34,"DECEPTIVE PRACTICE",6
2023,34,THEFT,110
2024,34,THEFT,106
2001,35,NARCOTICS,209
2002,35,HOMICIDE,5
2003,35,HOMICIDE,4
2004,35,HOMICIDE,11
2005,35,HOMICIDE,8
2006,35,HOMICIDE,2
2007,35,HOMICIDE,5
2008,35,HOMICIDE,4
2009,35,HOMICIDE,2
2010,35,HOMICIDE,1
2010,35,"CRIMINAL SEXUAL ASSAULT",1
2010,35,ASSAULT,1
2011,35,ASSAULT,1
2011,35,BATTERY,1
2012,35,THEFT,1
2012,35,BATTERY,1
2013,35,HOMICIDE,4
2014,35,HOMICIDE,3
2015,35,HOMICIDE,3
2016,35,HOMICIDE,4
2017,35,HOMICIDE,3
2018,35,HOMICIDE,6
2019,35,HOMICIDE,3
2020,35,HOMICIDE,3
2021,35,HOMICIDE,7
2022,35,THEFT,10
2023,35,THEFT,258
2024,35,THEFT,223
2001,36,"CRIMINAL DAMAGE",4
2001,36,ASSAULT,4
2002,36,HOMICIDE,4
2003,36,ASSAULT,1
2003,36,BATTERY,1
2003,36,"CRIMINAL SEXUAL ASSAULT",1
2005,36,HOMICIDE,2
2006,36,THEFT,1
2007,36,THEFT,1
2008,36,"CRIMINAL SEXUAL ASSAULT",1
2009,36,HOMICIDE,1
2010,36,HOMICIDE,2
2011,36,HOMICIDE,2
2012,36,HOMICIDE,2
2013,36,"CRIMINAL SEXUAL ASSAULT",1
2015,36,HOMICIDE,3
2016,36,HOMICIDE,4
2018,36,HOMICIDE,1
2019,36,BATTERY,1
2019,36,HOMICIDE,1
2020,36,HOMICIDE,1
2021,36,HOMICIDE,3
2022,36,THEFT,3
2023,36,BATTERY,61
2024,36,"CRIMINAL DAMAGE",58
2001,37,NARCOTICS,29
2002,37,HOMICIDE,2
2003,37,HOMICIDE,3
2004,37,HOMICIDE,4
2005,37,HOMICIDE,1
2006,37,HOMICIDE,2
2007,37,HOMICIDE,1
2008,37,HOMICIDE,1
2009,37,HOMICIDE,1
2010,37,HOMICIDE,2
2011,37,BATTERY,1
2011,37,HOMICIDE,1
2012,37,HOMICIDE,1
2012,37,ROBBERY,1
2013,37,HOMICIDE,1
2014,37,HOMICIDE,1
2015,37,HOMICIDE,3
2016,37,HOMICIDE,5
2017,37,HOMICIDE,2
2018,37,HOMICIDE,2
2019,37,HOMICIDE,4
2020,37,BATTERY,2
2020,37,HOMICIDE,2
2021,37,HOMICIDE,4
2022,37,HOMICIDE,6
2023,37,BATTERY,42
2024,37,BATTERY,65
2001,38,NARCOTICS,408
2002,38,HOMICIDE,10
2003,38,HOMICIDE,10
2004,38,HOMICIDE,6
2005,38,HOMICIDE,6
2006,38,HOMICIDE,4
2007,38,HOMICIDE,6
2008,38,HOMICIDE,10
2009,38,HOMICIDE,12
2010,38,HOMICIDE,10
2011,38,HOMICIDE,8
2012,38,HOMICIDE,8
2013,38,HOMICIDE,7
2014,38,HOMICIDE,9
2015,38,HOMICIDE,7
2016,38,HOMICIDE,8
2017,38,HOMICIDE,9
2018,38,HOMICIDE,11
2019,38,HOMICIDE,5
2020,38,HOMICIDE,6
2021,38,HOMICIDE,16
2022,38,HOMICIDE,13
2023,38,BATTERY,230
2024,38,BATTERY,290
2001,39,THEFT,6
2001,39,"OTHER OFFENSE",6
2002,39,ASSAULT,2
2003,39,ASSAULT,1
2003,39,BATTERY,1
2004,39,HOMICIDE,4
2005,39,THEFT,3
2006,39,HOMICIDE,1
2006,39,BATTERY,1
2006,39,ASSAULT,1
2007,39,BATTERY,2
2007,39,HOMICIDE,2
2008,39,HOMICIDE,2
2009,39,HOMICIDE,2
2009,39,THEFT,2
2010,39,THEFT,3
2011,39,HOMICIDE,3
2012,39,HOMICIDE,3
2013,39,BATTERY,1
2013,39,HOMICIDE,1
2014,39,THEFT,2
2015,39,HOMICIDE,5
2016,39,HOMICIDE,3
2017,39,HOMICIDE,4
2018,39,HOMICIDE,1
2019,39,HOMICIDE,1
2020,39,THEFT,1
2021,39,THEFT,2
2021,39,HOMICIDE,2
2022,39,HOMICIDE,8
2022,39,THEFT,8
2023,39,THEFT,140
2024,39,THEFT,183
2001,40,BATTERY,41
2002,40,HOMICIDE,4
2003,40,HOMICIDE,7
2004,40,HOMICIDE,10
2005,40,HOMICIDE,10
2006,40,HOMICIDE,9
2007,40,HOMICIDE,10
2008,40,HOMICIDE,8
2009,40,HOMICIDE,6
2010,40,HOMICIDE,9
2011,40,HOMICIDE,9
2012,40,HOMICIDE,13
2013,40,HOMICIDE,2
2014,40,HOMICIDE,4
2015,40,HOMICIDE,4
2016,40,HOMICIDE,11
2017,40,HOMICIDE,12
2018,40,HOMICIDE,11
2019,40,HOMICIDE,11
2020,40,HOMICIDE,13
2021,40,HOMICIDE,9
2022,40,HOMICIDE,5
2023,40,BATTERY,194
2024,40,BATTERY,220
2001,41,THEFT,28
2004,41,HOMICIDE,3
2005,41,HOMICIDE,3
2006,41,HOMICIDE,2
2007,41,THEFT,1
2008,41,HOMICIDE,1
2009,41,THEFT,1
2009,41,HOMICIDE,1
2010,41,HOMICIDE,1
2011,41,HOMICIDE,1
2011,41,"CRIMINAL SEXUAL ASSAULT",1
2012,41,"OFFENSE INVOLVING CHILDREN",1
2013,41,HOMICIDE,2
2014,41,HOMICIDE,3
2016,41,HOMICIDE,2
2017,41,HOMICIDE,1
2018,41,HOMICIDE,4
2019,41,ASSAULT,1
2020,41,"DECEPTIVE PRACTICE",3
2021,41,HOMICIDE,5
2022,41,"DECEPTIVE PRACTICE",8
2023,41,THEFT,264
2024,41,THEFT,278
2001,42,BATTERY,32
2002,42,HOMICIDE,10
2003,42,HOMICIDE,6
2004,42,HOMICIDE,6
2005,42,HOMICIDE,7
2006,42,HOMICIDE,8
2007,42,HOMICIDE,5
2008,42,HOMICIDE,8
2009,42,HOMICIDE,9
2010,42,HOMICIDE,8
2011,42,HOMICIDE,14
2012,42,HOMICIDE,20
2013,42,HOMICIDE,8
2014,42,HOMICIDE,4
2015,42,HOMICIDE,8
2016,42,HOMICIDE,9
2017,42,HOMICIDE,14
2018,42,HOMICIDE,13
2019,42,HOMICIDE,7
2020,42,HOMICIDE,8
2021,42,HOMICIDE,18
2022,42,HOMICIDE,13
2023,42,THEFT,243
2024,42,BATTERY,346
2001,43,THEFT,139
2002,43,HOMICIDE,17
2003,43,HOMICIDE,30
2004,43,HOMICIDE,18
2005,43,HOMICIDE,22
2006,43,HOMICIDE,18
2007,43,HOMICIDE,15
2008,43,HOMICIDE,25
2009,43,HOMICIDE,15
2010,43,HOMICIDE,16
2011,43,HOMICIDE,16
2012,43,HOMICIDE,19
2013,43,HOMICIDE,28
2014,43,HOMICIDE,15
2015,43,HOMICIDE,18
2016,43,HOMICIDE,24
2017,43,HOMICIDE,33
2018,43,HOMICIDE,26
2019,43,HOMICIDE,22
2020,43,HOMICIDE,41
2021,43,HOMICIDE,38
2022,43,HOMICIDE,42
2023,43,BATTERY,536
2024,43,BATTERY,756
2001,44,THEFT,52
2002,44,HOMICIDE,16
2003,44,HOMICIDE,11
2004,44,HOMICIDE,8
2005,44,HOMICIDE,13
2006,44,HOMICIDE,12
2007,44,HOMICIDE,14
2008,44,HOMICIDE,10
2009,44,HOMICIDE,13
2010,44,HOMICIDE,13
2011,44,HOMICIDE,17
2012,44,HOMICIDE,15
2013,44,HOMICIDE,13
2014,44,HOMICIDE,14
2015,44,HOMICIDE,22
2016,44,HOMICIDE,19
2017,44,HOMICIDE,14
2018,44,HOMICIDE,16
2019,44,HOMICIDE,12
2020,44,HOMICIDE,30
2021,44,HOMICIDE,27
2022,44,HOMICIDE,26
2023,44,THEFT,349
2024,44,BATTERY,505
2001,45,"MOTOR VEHICLE THEFT",2
2001,45,HOMICIDE,2
2002,45,HOMICIDE,4
2003,45,HOMICIDE,2
2004,45,HOMICIDE,1
2005,45,HOMICIDE,2
2005,45,ROBBERY,2
2006,45,HOMICIDE,4
2007,45,HOMICIDE,2
2008,45,HOMICIDE,3
2009,45,ROBBERY,3
2010,45,HOMICIDE,7
2011,45,HOMICIDE,3
2013,45,HOMICIDE,5
2014,45,HOMICIDE,1
2014,45,"CRIMINAL SEXUAL ASSAULT",1
2015,45,HOMICIDE,2
2016,45,HOMICIDE,6
2017,45,HOMICIDE,4
2018,45,HOMICIDE,4
2019,45,HOMICIDE,3
2020,45,HOMICIDE,7
2021,45,HOMICIDE,7
2022,45,HOMICIDE,3
2023,45,BATTERY,66
2024,45,BATTERY,79
2001,46,BATTERY,21
2002,46,HOMICIDE,12
2003,46,HOMICIDE,12
2004,46,HOMICIDE,15
2005,46,HOMICIDE,7
2006,46,HOMICIDE,13
2007,46,HOMICIDE,10
2008,46,HOMICIDE,17
2009,46,HOMICIDE,19
2010,46,HOMICIDE,15
2011,46,HOMICIDE,4
2012,46,HOMICIDE,14
2013,46,HOMICIDE,14
2014,46,HOMICIDE,14
2015,46,HOMICIDE,12
2016,46,HOMICIDE,19
2017,46,HOMICIDE,20
2018,46,HOMICIDE,7
2019,46,HOMICIDE,16
2020,46,HOMICIDE,23
2021,46,HOMICIDE,12
2022,46,HOMICIDE,20
2023,46,BATTERY,243
2024,46,BATTERY,342
2001,47,HOMICIDE,1
2001,47,"MOTOR VEHICLE THEFT",1
2003,47,HOMICIDE,4
2004,47,BURGLARY,1
2004,47,ASSAULT,1
2005,47,HOMICIDE,1
2006,47,THEFT,1
2007,47,HOMICIDE,2
2008,47,HOMICIDE,2
2009,47,HOMICIDE,5
2010,47,HOMICIDE,1
2011,47,HOMICIDE,1
2012,47,HOMICIDE,1
2013,47,HOMICIDE,1
2013,47,THEFT,1
2014,47,HOMICIDE,3
2015,47,HOMICIDE,3
2017,47,HOMICIDE,1
2018,47,HOMICIDE,1
2018,47,BATTERY,1
2019,47,"CRIMINAL SEXUAL ASSAULT",1
2020,47,HOMICIDE,2
2022,47,"DECEPTIVE PRACTICE",2
2023,47,THEFT,14
2024,47,BATTERY,21
2001,48,HOMICIDE,4
2002,48,HOMICIDE,5
2003,48,HOMICIDE,5
2004,48,HOMICIDE,2
2005,48,ROBBERY,2
2005,48,THEFT,2
2006,48,HOMICIDE,4
2007,48,HOMICIDE,3
2008,48,HOMICIDE,3
2009,48,HOMICIDE,2
2010,48,HOMICIDE,1
2011,48,HOMICIDE,2
2012,48,HOMICIDE,6
2013,48,ASSAULT,1
2013,48,"CRIMINAL SEXUAL ASSAULT",1
2014,48,ASSAULT,1
2014,48,HOMICIDE,1
2015,48,HOMICIDE,2
2016,48,HOMICIDE,1
2017,48,HOMICIDE,3
2018,48,HOMICIDE,1
2018,48,"CRIMINAL SEXUAL ASSAULT",1
2018,48,ROBBERY,1
2018,48,ASSAULT,1
2019,48,THEFT,1
2019,48,HOMICIDE,1
2020,48,HOMICIDE,4
2021,48,HOMICIDE,4
2022,48,HOMICIDE,3
2023,48,THEFT,128
2024,48,THEFT,111
2001,49,BATTERY,230
2002,49,HOMICIDE,9
2003,49,HOMICIDE,19
2004,49,HOMICIDE,14
2005,49,HOMICIDE,11
2006,49,HOMICIDE,20
2007,49,HOMICIDE,16
2008,49,HOMICIDE,18
2009,49,HOMICIDE,13
2010,49,HOMICIDE,18
2011,49,HOMICIDE,15
2012,49,HOMICIDE,17
2013,49,HOMICIDE,16
2014,49,HOMICIDE,13
2015,49,HOMICIDE,18
2016,49,HOMICIDE,32
2017,49,HOMICIDE,36
2018,49,HOMICIDE,22
2019,49,HOMICIDE,27
2020,49,HOMICIDE,22
2021,49,HOMICIDE,26
2022,49,HOMICIDE,28
2023,49,BATTERY,358
2024,49,BATTERY,451
2002,50,HOMICIDE,5
2003,50,HOMICIDE,3
2005,50,HOMICIDE,4
2006,50,BATTERY,1
2006,50,ASSAULT,1
2006,50,HOMICIDE,1
2007,50,BURGLARY,2
2008,50,ROBBERY,2
2009,50,HOMICIDE,2
2010,50,ASSAULT,1
2011,50,HOMICIDE,3
2012,50,HOMICIDE,4
2014,50,HOMICIDE,1
2016,50,HOMICIDE,2
2017,50,HOMICIDE,1
2018,50,HOMICIDE,3
2019,50,HOMICIDE,3
2020,50,HOMICIDE,3
2021,50,HOMICIDE,6
2022,50,"MOTOR VEHICLE THEFT",4
2022,50,HOMICIDE,4
2023,50,BATTERY,84
2024,50,THEFT,104
2001,51,HOMICIDE,3
2001,51,ASSAULT,3
2002,51,HOMICIDE,5
2003,51,HOMICIDE,4
2005,51,HOMICIDE,5
2006,51,HOMICIDE,3
2007,51,HOMICIDE,4
2008,51,HOMICIDE,4
2009,51,HOMICIDE,6
2010,51,HOMICIDE,2
2011,51,HOMICIDE,3
2012,51,HOMICIDE,10
2013,51,HOMICIDE,5
2014,51,HOMICIDE,5
2015,51,ROBBERY,2
2016,51,HOMICIDE,3
2017,51,HOMICIDE,7
2018,51,HOMICIDE,3
2019,51,ASSAULT,1
2019,51,HOMICIDE,1
2020,51,HOMICIDE,9
2021,51,HOMICIDE,6
2022,51,THEFT,8
2023,51,THEFT,143
2024,51,THEFT,166
2001,52,"CRIMINAL DAMAGE",200
2002,52,THEFT,1
2002,52,HOMICIDE,1
2003,52,HOMICIDE,2
2004,52,HOMICIDE,1
2005,52,THEFT,2
2006,52,HOMICIDE,6
2007,52,ASSAULT,1
2007,52,HOMICIDE,1
2008,52,HOMICIDE,3
2009,52,HOMICIDE,3
2010,52,ASSAULT,1
2011,52,BATTERY,1
2012,52,THEFT,1
2013,52,BATTERY,1
2013,52,THEFT,1
2013,52,HOMICIDE,1
2014,52,HOMICIDE,2
2015,52,HOMICIDE,1
2015,52,ROBBERY,1
2016,52,HOMICIDE,2
2017,52,HOMICIDE,9
2018,52,HOMICIDE,2
2019,52,HOMICIDE,6
2020,52,HOMICIDE,4
2021,52,HOMICIDE,2
2022,52,THEFT,3
2022,52,"DECEPTIVE PRACTICE",3
2022,52,HOMICIDE,3
2023,52,THEFT,110
2024,52,BATTERY,82
2001,53,BATTERY,186
2002,53,HOMICIDE,8
2003,53,HOMICIDE,18
2004,53,HOMICIDE,9
2005,53,HOMICIDE,18
2006,53,HOMICIDE,15
2007,53,HOMICIDE,16
2008,53,HOMICIDE,12
2009,53,HOMICIDE,8
2010,53,HOMICIDE,14
2011,53,HOMICIDE,8
2012,53,HOMICIDE,15
2013,53,HOMICIDE,19
2014,53,HOMICIDE,7
2015,53,HOMICIDE,15
2016,53,HOMICIDE,10
2017,53,HOMICIDE,10
2018,53,HOMICIDE,26
2019,53,HOMICIDE,6
2020,53,HOMICIDE,19
2021,53,HOMICIDE,37
2022,53,HOMICIDE,22
2023,53,BATTERY,219
2024,53,BATTERY,268
2001,54,BATTERY,14
2002,54,HOMICIDE,1
2002,54,BATTERY,1
2003,54,HOMICIDE,5
2004,54,BATTERY,4
2005,54,BATTERY,2
2005,54,HOMICIDE,2
2006,54,HOMICIDE,8
2007,54,ROBBERY,3
2007,54,BATTERY,3
2007,54,HOMICIDE,3
2008,54,HOMICIDE,5
2009,54,BATTERY,2
2009,54,HOMICIDE,2
2010,54,BURGLARY,2
2010,54,HOMICIDE,2
2011,54,HOMICIDE,5
2012,54,HOMICIDE,3
2013,54,HOMICIDE,2
2014,54,HOMICIDE,3
2015,54,HOMICIDE,3
2016,54,HOMICIDE,5
2017,54,HOMICIDE,5
2018,54,HOMICIDE,13
2019,54,HOMICIDE,3
2020,54,HOMICIDE,8
2021,54,HOMICIDE,5
2022,54,BATTERY,7
2022,54,HOMICIDE,7
2023,54,BATTERY,99
2024,54,BATTERY,135
2001,55,BATTERY,11
2002,55,HOMICIDE,2
2003,55,HOMICIDE,2
2004,55,HOMICIDE,1
2005,55,HOMICIDE,1
2005,55,ROBBERY,1
2006,55,THEFT,1
2007,55,HOMICIDE,2
2008,55,HOMICIDE,1
2008,55,ARSON,1
2008,55,THEFT,1
2011,55,HOMICIDE,1
2012,55,HOMICIDE,1
2013,55,HOMICIDE,1
2014,55,THEFT,1
2016,55,BURGLARY,1
2017,55,HOMICIDE,1
2018,55,HOMICIDE,1
2021,55,HOMICIDE,1
2022,55,"OTHER OFFENSE",2
2022,55,THEFT,2
2023,55,BATTERY,46
2024,55,THEFT,64
2001,56,"MOTOR VEHICLE THEFT",5
2002,56,HOMICIDE,4
2003,56,HOMICIDE,5
2004,56,HOMICIDE,6
2005,56,THEFT,4
2005,56,HOMICIDE,4
2006,56,THEFT,2
2006,56,BATTERY,2
2007,56,THEFT,2
2008,56,HOMICIDE,5
2009,56,HOMICIDE,3
2010,56,HOMICIDE,1
2010,56,BURGLARY,1
2010,56,"CRIMINAL DAMAGE",1
2011,56,THEFT,1
2011,56,BATTERY,1
2012,56,BURGLARY,3
2013,56,HOMICIDE,2
2014,56,BATTERY,1
2014,56,HOMICIDE,1
2015,56,HOMICIDE,4
2016,56,HOMICIDE,3
2017,56,HOMICIDE,5
2018,56,HOMICIDE,2
2019,56,HOMICIDE,3
2020,56,HOMICIDE,3
2021,56,BATTERY,3
2022,56,"DECEPTIVE PRACTICE",6
2023,56,THEFT,162
2024,56,"MOTOR VEHICLE THEFT",165
2001,57,THEFT,66
2002,57,BATTERY,2
2003,57,HOMICIDE,1
2004,57,BATTERY,1
2004,57,HOMICIDE,1
2005,57,HOMICIDE,2
2007,57,HOMICIDE,2
2008,57,HOMICIDE,2
2009,57,HOMICIDE,3
2010,57,ASSAULT,1
2011,57,BATTERY,1
2012,57,HOMICIDE,2
2013,57,HOMICIDE,1
2015,57,HOMICIDE,1
2016,57,HOMICIDE,4
2017,57,HOMICIDE,3
2018,57,HOMICIDE,1
2021,57,HOMICIDE,1
2021,57,"OTHER OFFENSE",1
2022,57,"DECEPTIVE PRACTICE",8
2023,57,THEFT,82
2024,57,THEFT,103
2001,58,THEFT,52
2002,58,HOMICIDE,8
2003,58,HOMICIDE,5
2004,58,HOMICIDE,3
2005,58,HOMICIDE,5
2006,58,HOMICIDE,7
2007,58,HOMICIDE,5
2008,58,HOMICIDE,6
2009,58,HOMICIDE,7
2010,58,HOMICIDE,7
2011,58,HOMICIDE,10
2012,58,HOMICIDE,7
2013,58,HOMICIDE,3
2014,58,HOMICIDE,2
2015,58,HOMICIDE,5
2016,58,HOMICIDE,11
2017,58,HOMICIDE,23
2018,58,HOMICIDE,4
2019,58,HOMICIDE,3
2020,58,HOMICIDE,10
2021,58,HOMICIDE,10
2022,58,HOMICIDE,11
2023,58,BATTERY,142
2024,58,BATTERY,195
2001,59,"CRIMINAL DAMAGE",31
2002,59,THEFT,1
2003,59,BATTERY,1
2003,59,HOMICIDE,1
2004,59,ASSAULT,1
2005,59,THEFT,1
2006,59,HOMICIDE,2
2007,59,HOMICIDE,2
2009,59,THEFT,1
2009,59,"CRIMINAL SEXUAL ASSAULT",1
2010,59,HOMICIDE,5
2011,59,HOMICIDE,1
2012,59,HOMICIDE,2
2013,59,HOMICIDE,2
2014,59,HOMICIDE,1
2014,59,"OFFENSE INVOLVING CHILDREN",1
2015,59,HOMICIDE,1
2016,59,HOMICIDE,1
2017,59,HOMICIDE,3
2018,59,HOMICIDE,1
2018,59,ASSAULT,1
2018,59,ROBBERY,1
2019,59,ROBBERY,1
2019,59,HOMICIDE,1
2020,59,HOMICIDE,4
2021,59,HOMICIDE,3
2022,59,HOMICIDE,5
2023,59,THEFT,88
2024,59,THEFT,111
2001,60,THEFT,105
2002,60,BATTERY,2
2002,60,HOMICIDE,2
2003,60,HOMICIDE,2
2004,60,THEFT,1
2004,60,BATTERY,1
2004,60,HOMICIDE,1
2006,60,HOMICIDE,3
2007,60,HOMICIDE,4
2008,60,HOMICIDE,2
2010,60,HOMICIDE,2
2011,60,HOMICIDE,3
2012,60,HOMICIDE,4
2013,60,THEFT,3
2013,60,HOMICIDE,3
2014,60,HOMICIDE,2
2015,60,HOMICIDE,3
2016,60,HOMICIDE,2
2017,60,HOMICIDE,2
2018,60,THEFT,2
2019,60,BURGLARY,1
2020,60,HOMICIDE,4
2021,60,HOMICIDE,2
2022,60,"DECEPTIVE PRACTICE",6
2023,60,THEFT,114
2024,60,THEFT,134
2001,61,BATTERY,461
2002,61,HOMICIDE,14
2003,61,HOMICIDE,31
2004,61,HOMICIDE,13
2005,61,HOMICIDE,14
2006,61,HOMICIDE,17
2007,61,HOMICIDE,18
2008,61,HOMICIDE,15
2009,61,HOMICIDE,11
2010,61,HOMICIDE,11
2011,61,HOMICIDE,14
2012,61,HOMICIDE,25
2013,61,HOMICIDE,13
2014,61,HOMICIDE,15
2015,61,HOMICIDE,17
2016,61,HOMICIDE,42
2017,61,HOMICIDE,19
2018,61,HOMICIDE,24
2019,61,HOMICIDE,7
2020,61,HOMICIDE,15
2021,61,HOMICIDE,15
2022,61,HOMICIDE,23
2023,61,BATTERY,297
2024,61,BATTERY,362
2001,62,THEFT,99
2002,62,HOMICIDE,2
2003,62,ASSAULT,1
2003,62,THEFT,1
2004,62,HOMICIDE,2
2005,62,HOMICIDE,2
2006,62,HOMICIDE,1
2007,62,HOMICIDE,2
2008,62,HOMICIDE,1
2009,62,ASSAULT,1
2010,62,HOMICIDE,2
2012,62,HOMICIDE,1
2013,62,THEFT,1
2015,62,HOMICIDE,3
2016,62,HOMICIDE,6
2017,62,HOMICIDE,1
2018,62,HOMICIDE,2
2019,62,HOMICIDE,2
2020,62,HOMICIDE,2
2021,62,HOMICIDE,1
2022,62,"DECEPTIVE PRACTICE",6
2022,62,"CRIMINAL DAMAGE",6
2023,62,THEFT,64
2024,62,BATTERY,58
2001,63,BATTERY,54
2002,63,HOMICIDE,10
2003,63,HOMICIDE,3
2004,63,HOMICIDE,2
2004,63,BATTERY,2
2005,63,HOMICIDE,10
2006,63,HOMICIDE,7
2007,63,HOMICIDE,6
2008,63,HOMICIDE,7
2009,63,HOMICIDE,6
2010,63,HOMICIDE,8
2011,63,HOMICIDE,7
2012,63,HOMICIDE,7
2013,63,HOMICIDE,9
2014,63,HOMICIDE,4
2015,63,HOMICIDE,8
2016,63,HOMICIDE,14
2017,63,HOMICIDE,11
2018,63,HOMICIDE,3
2019,63,HOMICIDE,6
2020,63,HOMICIDE,11
2021,63,HOMICIDE,8
2022,63,"DECEPTIVE PRACTICE",6
2023,63,THEFT,154
2024,63,BATTERY,193
2001,64,"MOTOR VEHICLE THEFT",4
2002,64,THEFT,1
2002,64,BATTERY,1
2003,64,NARCOTICS,1
2003,64,HOMICIDE,1
2004,64,BURGLARY,1
2004,64,THEFT,1
2005,64,THEFT,3
2006,64,THEFT,2
2007,64,HOMICIDE,2
2008,64,THEFT,3
2009,64,THEFT,1
2009,64,BURGLARY,1
2009,64,HOMICIDE,1
2010,64,BATTERY,1
2010,64,"MOTOR VEHICLE THEFT",1
2010,64,BURGLARY,1
2011,64,"CRIMINAL DAMAGE",1
2011,64,ASSAULT,1
2011,64,THEFT,1
2012,64,THEFT,2
2013,64,"MOTOR VEHICLE THEFT",1
2013,64,"CRIMINAL DAMAGE",1
2013,64,BATTERY,1
2013,64,HOMICIDE,1
2014,64,THEFT,2
2014,64,HOMICIDE,2
2015,64,"CRIMINAL DAMAGE",1
2016,64,HOMICIDE,1
2017,64,HOMICIDE,1
2018,64,THEFT,3
2019,64,NARCOTICS,1
2019,64,HOMICIDE,1
2020,64,HOMICIDE,2
2021,64,THEFT,1
2021,64,BATTERY,1
2022,64,"DECEPTIVE PRACTICE",4
2023,64,THEFT,80
2024,64,BATTERY,76
2001,65,THEFT,98
2002,65,HOMICIDE,4
2003,65,THEFT,2
2003,65,BATTERY,2
2004,65,THEFT,3
2005,65,THEFT,3
2005,65,HOMICIDE,3
2006,65,HOMICIDE,3
2007,65,"CRIMINAL DAMAGE",1
2007,65,THEFT,1
2007,65,HOMICIDE,1
2008,65,HOMICIDE,2
2009,65,THEFT,1
2009,65,HOMICIDE,1
2010,65,HOMICIDE,5
2011,65,BATTERY,2
2012,65,ASSAULT,2
2013,65,HOMICIDE,2
2014,65,PROSTITUTION,1
2014,65,THEFT,1
2014,65,ASSAULT,1
2014,65,HOMICIDE,1
2016,65,HOMICIDE,5
2017,65,THEFT,1
2017,65,BATTERY,1
2017,65,"CRIMINAL SEXUAL ASSAULT",1
2017,65,HOMICIDE,1
2018,65,"OFFENSE INVOLVING CHILDREN",1
2018,65,ASSAULT,1
2019,65,THEFT,1
2019,65,HOMICIDE,1
2020,65,HOMICIDE,1
2020,65,"CRIMINAL SEXUAL ASSAULT",1
2020,65,THEFT,1
2020,65,BATTERY,1
2021,65,BATTERY,2
2021,65,HOMICIDE,2
2022,65,ROBBERY,5
2022,65,"MOTOR VEHICLE THEFT",5
2023,65,THEFT,129
2024,65,THEFT,148
2001,66,BATTERY,215
2002,66,HOMICIDE,9
2003,66,HOMICIDE,13
2004,66,HOMICIDE,11
2005,66,HOMICIDE,14
2006,66,HOMICIDE,14
2007,66,HOMICIDE,16
2008,66,HOMICIDE,17
2009,66,HOMICIDE,16
2010,66,HOMICIDE,16
2011,66,HOMICIDE,19
2012,66,HOMICIDE,23
2013,66,HOMICIDE,9
2014,66,HOMICIDE,20
2015,66,HOMICIDE,11
2016,66,HOMICIDE,20
2017,66,HOMICIDE,20
2018,66,HOMICIDE,20
2019,66,HOMICIDE,16
2020,66,HOMICIDE,22
2021,66,HOMICIDE,25
2022,66,"DECEPTIVE PRACTICE",18
2022,66,HOMICIDE,18
2023,66,BATTERY,365
2024,66,BATTERY,430
2001,67,BATTERY,654
2002,67,HOMICIDE,20
2003,67,HOMICIDE,25
2004,67,HOMICIDE,21
2005,67,HOMICIDE,19
2006,67,HOMICIDE,19
2007,67,HOMICIDE,15
2008,67,HOMICIDE,23
2009,67,HOMICIDE,21
2010,67,HOMICIDE,28
2011,67,HOMICIDE,29
2012,67,HOMICIDE,21
2013,67,HOMICIDE,21
2014,67,HOMICIDE,28
2015,67,HOMICIDE,18
2016,67,HOMICIDE,37
2017,67,HOMICIDE,18
2018,67,HOMICIDE,25
2019,67,HOMICIDE,19
2020,67,HOMICIDE,34
2021,67,HOMICIDE,21
2022,67,HOMICIDE,30
2023,67,BATTERY,307
2024,67,BATTERY,376
2001,68,BATTERY,808
2002,68,HOMICIDE,23
2003,68,HOMICIDE,23
2004,68,HOMICIDE,25
2005,68,HOMICIDE,16
2006,68,HOMICIDE,13
2007,68,HOMICIDE,23
2008,68,HOMICIDE,19
2009,68,HOMICIDE,20
2010,68,HOMICIDE,11
2011,68,HOMICIDE,28
2012,68,HOMICIDE,16
2013,68,HOMICIDE,26
2014,68,HOMICIDE,19
2015,68,HOMICIDE,21
2016,68,HOMICIDE,50
2017,68,HOMICIDE,29
2018,68,HOMICIDE,32
2019,68,HOMICIDE,19
2020,68,HOMICIDE,35
2021,68,HOMICIDE,33
2022,68,HOMICIDE,18
2023,68,BATTERY,361
2024,68,BATTERY,487
2001,69,THEFT,81
2002,69,HOMICIDE,16
2003,69,HOMICIDE,14
2004,69,HOMICIDE,18
2005,69,HOMICIDE,22
2006,69,HOMICIDE,22
2007,69,HOMICIDE,24
2008,69,HOMICIDE,32
2009,69,HOMICIDE,16
2010,69,HOMICIDE,15
2011,69,HOMICIDE,19
2012,69,HOMICIDE,21
2013,69,HOMICIDE,14
2014,69,HOMICIDE,12
2015,69,HOMICIDE,18
2016,69,HOMICIDE,33
2017,69,HOMICIDE,22
2018,69,HOMICIDE,15
2019,69,HOMICIDE,27
2020,69,HOMICIDE,28
2021,69,HOMICIDE,39
2022,69,HOMICIDE,22
2023,69,BATTERY,447
2024,69,BATTERY,604
2001,70,"MOTOR VEHICLE THEFT",17
2002,70,HOMICIDE,5
2003,70,THEFT,9
2004,70,THEFT,9
2005,70,THEFT,9
2006,70,THEFT,9
2007,70,ASSAULT,4
2008,70,THEFT,5
2009,70,HOMICIDE,5
2010,70,THEFT,6
2011,70,HOMICIDE,5
2012,70,HOMICIDE,7
2013,70,BATTERY,2
2013,70,THEFT,2
2013,70,HOMICIDE,2
2014,70,HOMICIDE,7
2015,70,HOMICIDE,6
2016,70,HOMICIDE,10
2017,70,HOMICIDE,6
2018,70,THEFT,3
2018,70,ASSAULT,3
2018,70,HOMICIDE,3
2019,70,HOMICIDE,5
2020,70,HOMICIDE,2
2021,70,HOMICIDE,5
2022,70,"DECEPTIVE PRACTICE",8
2023,70,"MOTOR VEHICLE THEFT",164
2024,70,THEFT,164
2001,71,BATTERY,726
2002,71,HOMICIDE,12
2003,71,HOMICIDE,15
2004,71,HOMICIDE,15
2005,71,HOMICIDE,11
2006,71,HOMICIDE,18
2007,71,HOMICIDE,15
2008,71,HOMICIDE,19
2009,71,HOMICIDE,16
2010,71,HOMICIDE,25
2011,71,HOMICIDE,13
2012,71,HOMICIDE,16
2013,71,HOMICIDE,16
2014,71,HOMICIDE,14
2015,71,HOMICIDE,12
2016,71,HOMICIDE,28
2017,71,HOMICIDE,27
2018,71,HOMICIDE,23
2019,71,HOMICIDE,21
2020,71,HOMICIDE,34
2021,71,HOMICIDE,39
2022,71,HOMICIDE,35
2023,71,BATTERY,442
2024,71,BATTERY,544
2001,72,BATTERY,24
2002,72,HOMICIDE,1
2002,72,ASSAULT,1
2003,72,"CRIMINAL TRESPASS",1
2003,72,THEFT,1
2003,72,HOMICIDE,1
2004,72,HOMICIDE,1
2004,72,BATTERY,1
2004,72,THEFT,1
2005,72,THEFT,2
2005,72,NARCOTICS,2
2006,72,ASSAULT,1
2006,72,"OTHER OFFENSE",1
2007,72,ROBBERY,1
2008,72,THEFT,4
2009,72,THEFT,2
2010,72,BATTERY,1
2011,72,THEFT,3
2012,72,HOMICIDE,2
2013,72,THEFT,2
2013,72,BATTERY,2
2014,72,THEFT,2
2015,72,BURGLARY,1
2015,72,THEFT,1
2016,72,KIDNAPPING,1
2017,72,ASSAULT,2
2018,72,HOMICIDE,3
2019,72,ASSAULT,1
2020,72,THEFT,1
2022,72,"DECEPTIVE PRACTICE",4
2023,72,THEFT,74
2024,72,THEFT,69
2001,73,BATTERY,244
2002,73,HOMICIDE,7
2003,73,HOMICIDE,11
2004,73,HOMICIDE,5
2005,73,HOMICIDE,5
2006,73,HOMICIDE,13
2007,73,HOMICIDE,15
2008,73,HOMICIDE,6
2009,73,HOMICIDE,8
2010,73,HOMICIDE,5
2011,73,HOMICIDE,5
2012,73,HOMICIDE,5
2013,73,HOMICIDE,8
2014,73,HOMICIDE,6
2015,73,HOMICIDE,9
2016,73,HOMICIDE,15
2017,73,HOMICIDE,17
2018,73,HOMICIDE,6
2019,73,HOMICIDE,6
2020,73,HOMICIDE,7
2021,73,HOMICIDE,12
2022,73,HOMICIDE,11
2023,73,THEFT,167
2024,73,THEFT,280
2001,74,"CRIMINAL DAMAGE",6
2002,74,ASSAULT,1
2002,74,THEFT,1
2003,74,"OTHER OFFENSE",1
2003,74,BATTERY,1
2003,74,THEFT,1
2003,74,"CRIMINAL DAMAGE",1
2003,74,HOMICIDE,1
2004,74,BATTERY,1
2004,74,ROBBERY,1
2004,74,THEFT,1
2004,74,"OTHER OFFENSE",1
2005,74,ASSAULT,2
2006,74,BATTERY,2
2007,74,"OTHER OFFENSE",1
2007,74,THEFT,1
2007,74,BATTERY,1
2008,74,BURGLARY,2
2009,74,BATTERY,2
2010,74,BATTERY,2
2011,74,THEFT,2
2011,74,BATTERY,2
2012,74,THEFT,2
2013,74,BURGLARY,1
2013,74,ASSAULT,1
2013,74,THEFT,1
2014,74,THEFT,1
2015,74,THEFT,1
2016,74,BATTERY,2
2017,74,THEFT,3
2018,74,THEFT,2
2019,74,THEFT,3
2020,74,BATTERY,1
2020,74,THEFT,1
2021,74,THEFT,1
2022,74,"DECEPTIVE PRACTICE",5
2023,74,THEFT,44
2024,74,BATTERY,41
2001,75,BATTERY,83
2002,75,HOMICIDE,1
2003,75,HOMICIDE,1
2003,75,THEFT,1
2003,75,BATTERY,1
2003,75,ASSAULT,1
2003,75,ROBBERY,1
2004,75,HOMICIDE,3
2005,75,THEFT,2
2006,75,HOMICIDE,2
2007,75,HOMICIDE,1
2007,75,BURGLARY,1
2007,75,ASSAULT,1
2007,75,ARSON,1
2008,75,HOMICIDE,5
2009,75,HOMICIDE,6
2010,75,HOMICIDE,9
2011,75,THEFT,5
2012,75,HOMICIDE,6
2013,75,HOMICIDE,5
2014,75,HOMICIDE,5
2015,75,HOMICIDE,6
2016,75,HOMICIDE,5
2017,75,HOMICIDE,4
2018,75,HOMICIDE,3
2019,75,HOMICIDE,4
2020,75,HOMICIDE,10
2021,75,HOMICIDE,4
2022,75,THEFT,11
2023,75,THEFT,132
2024,75,BATTERY,168
2001,76,THEFT,592
2003,76,THEFT,1
2004,76,"DECEPTIVE PRACTICE",1
2004,76,THEFT,1
2005,76,THEFT,2
2006,76,THEFT,2
2007,76,"DECEPTIVE PRACTICE",1
2010,76,THEFT,2
2011,76,THEFT,2
2012,76,THEFT,2
2013,76,BATTERY,1
2013,76,THEFT,1
2014,76,THEFT,1
2014,76,HOMICIDE,1
2015,76,HOMICIDE,1
2016,76,ROBBERY,1
2016,76,THEFT,1
2017,76,THEFT,1
2017,76,ARSON,1
2017,76,HOMICIDE,1
2018,76,BATTERY,1
2019,76,BATTERY,2
2022,76,NARCOTICS,19
2023,76,THEFT,197
2024,76,THEFT,194
2001,77,THEFT,412
2002,77,THEFT,3
2003,77,HOMICIDE,4
2004,77,HOMICIDE,3
2005,77,HOMICIDE,7
2006,77,THEFT,3
2007,77,THEFT,4
2008,77,HOMICIDE,4
2009,77,BATTERY,1
2009,77,HOMICIDE,1
2010,77,HOMICIDE,5
2011,77,HOMICIDE,3
2012,77,HOMICIDE,5
2013,77,HOMICIDE,2
2014,77,HOMICIDE,2
2015,77,ASSAULT,1
2015,77,HOMICIDE,1
2016,77,BATTERY,1
2016,77,HOMICIDE,1
2017,77,HOMICIDE,2
2018,77,BATTERY,2
2020,77,HOMICIDE,1
2021,77,ASSAULT,2
2022,77,"DECEPTIVE PRACTICE",9
2022,77,THEFT,9
2023,77,THEFT,355
2024,77,THEFT,413
